restaurante_id,tripadvisor_id,nombre_restaurante,tripadvisor_web,review_id,title,text,rating,ratingText,date,tripDate,language,ownerResponse,ownerResponseDate,user_id,user_name,user_username,user_hometown,user_contributions,user_helpfulVotes,user_level,place_id,place_name,place_url,tripType,travelParty,visitedDuring,device,raw_data
3,23789496,Hiroshi Girona,https://www.tripadvisor.com/Restaurant_Review-g187499-d23789496-Reviews-Hiroshi_Girona-Girona_Province_of_Girona_Catalonia.html,957281740,Los mejores sushis que he comido,"Siempre salimos encantados. Muy buena comida y servicio.
Los combos son muy buena opci√≥n porque saboreas muchos sushis distintos.
Cuidan mucho el detalle y se salen de los sushis que puedes encontrar en la mayor√≠a de restautantes japoneses. Combinaci√≥n de sabores muy buena.",5,,,,,,,,Raquel O,N829YBraquelo,,"{'totalContributions': 2, 'helpfulVotes': 0}",,,,,,COUPLES,,,,"{'id': '957281740', 'url': 'https://www.tripadvisor.com/ShowUserReviews-g187499-d23789496-r957281740-Hiroshi_Girona-Girona_Province_of_Girona_Catalonia.html', 'title': 'Los mejores sushis que he comido', 'lang': 'es', 'locationId': '23789496', 'publishedDate': '2024-06-29', 'publishedPlatform': 'OTHER', 'rating': 5, 'helpfulVotes': 0, 'text': 'Siempre salimos encantados. Muy buena comida y servicio.\nLos combos son muy buena opci√≥n porque saboreas muchos sushis distintos.\nCuidan mucho el detall..."
3,23789496,Hiroshi Girona,https://www.tripadvisor.com/Restaurant_Review-g187499-d23789496-Reviews-Hiroshi_Girona-Girona_Province_of_Girona_Catalonia.html,927990208,"Great service, very professional, very clean.  And excellent Sushi. I highly recommend it.  ‚Ä¶‚Ä¶‚Ä¶‚Ä¶‚Ä¶‚Ä¶‚Ä¶..","Great service, very professional, very clean. 
And excellent Sushi.
I highly recommend it. 
‚Ä¶‚Ä¶‚Ä¶‚Ä¶‚Ä¶‚Ä¶‚Ä¶..",5,,,,,,,,sarah s,B5355XWsarahs,,"{'totalContributions': 1, 'helpfulVotes': 0}",,,,,,COUPLES,,,,"{'id': '927990208', 'url': 'https://www.tripadvisor.com/ShowUserReviews-g187499-d23789496-r927990208-Hiroshi_Girona-Girona_Province_of_Girona_Catalonia.html', 'title': 'Great service, very professional, very clean.  And excellent Sushi. I highly recommend it.  ‚Ä¶‚Ä¶‚Ä¶‚Ä¶‚Ä¶‚Ä¶‚Ä¶..', 'lang': 'en', 'locationId': '23789496', 'publishedDate': '2023-11-30', 'publishedPlatform': 'OTHER', 'rating': 5, 'helpfulVotes': 0, 'text': 'Great service, very professional, very clean. \nAnd excellent Sushi.\nI highly recomm..."
3,23789496,Hiroshi Girona,https://www.tripadvisor.com/Restaurant_Review-g187499-d23789496-Reviews-Hiroshi_Girona-Girona_Province_of_Girona_Catalonia.html,923523849,"Gesti√≥n de reservas ineficaz, atenci√≥n al cliente p√©sima.","Este restaurante, puede que gastron√≥micamente sea bueno, tal vez excelente. Pero su operativa y respeto hacia el cliente en base a la eficiencia en gesti√≥n de reservas es p√©sima por no decir nefasta. S√≠ en su p√°gina web tienen operativa la opci√≥n de reserva v√≠a e-mail, es fundamental ser eficiente dado respuesta inmediata al cliente. Adem√°s de ser un agravio reconocerle que miran los correos electr√≥nicos de forma casual, no constatando la reserva efectuada, y ofreciendo como atenci√≥n ""excepcional"" el poder atender la ""supuesta""reserva una hora m√°s tarde de la peticionada por escrito y solicitando respuesta confirmaci√≥n de la misma. Un aut√©ntico desprop√≥sito, y descortes√≠a hacia el cliente. Una mala praxis absoluta, y m√°s cuando para remate final, me sugieren que para pr√≥ximas ocasiones mejor haga la reserva v√≠a telef√≥nica. Se√±ores me parece bien, pero no contin√∫en ofreciendo el servicio de atenci√≥n y/o reservas v√≠a e-mail.",1,,,,,,,,√Ångel B,445_ngelb,,"{'totalContributions': 1, 'helpfulVotes': 0}",,,,,,COUPLES,,,,"{'id': '923523849', 'url': 'https://www.tripadvisor.com/ShowUserReviews-g187499-d23789496-r923523849-Hiroshi_Girona-Girona_Province_of_Girona_Catalonia.html', 'title': 'Gesti√≥n de reservas ineficaz, atenci√≥n al cliente p√©sima.', 'lang': 'es', 'locationId': '23789496', 'publishedDate': '2023-10-29', 'publishedPlatform': 'OTHER', 'rating': 1, 'helpfulVotes': 0, 'text': 'Este restaurante, puede que gastron√≥micamente sea bueno, tal vez excelente. Pero su operativa y respeto hacia el cliente en base ..."
3,23789496,Hiroshi Girona,https://www.tripadvisor.com/Restaurant_Review-g187499-d23789496-Reviews-Hiroshi_Girona-Girona_Province_of_Girona_Catalonia.html,898829317,Si te gusta el sushi tienes que ir.,"Gran descubrimiento. 
Servicio atento y r√°pido. 
Excelente calidad de producto. 
Precio m√°s que correcto. 
Repetiremos.",5,,,,,,,,Carles M,carlesm244,,"{'totalContributions': 5, 'helpfulVotes': 3}",,,,,,COUPLES,,,,"{'id': '898829317', 'url': 'https://www.tripadvisor.com/ShowUserReviews-g187499-d23789496-r898829317-Hiroshi_Girona-Girona_Province_of_Girona_Catalonia.html', 'title': 'Si te gusta el sushi tienes que ir.', 'lang': 'es', 'locationId': '23789496', 'publishedDate': '2023-06-29', 'publishedPlatform': 'MOBILE', 'rating': 5, 'helpfulVotes': 1, 'text': 'Gran descubrimiento. \nServicio atento y r√°pido. \nExcelente calidad de producto. \nPrecio m√°s que correcto. \nRepetiremos.', 'roomTip': None, 'travel..."
3,23789496,Hiroshi Girona,https://www.tripadvisor.com/Restaurant_Review-g187499-d23789496-Reviews-Hiroshi_Girona-Girona_Province_of_Girona_Catalonia.html,889200299,Excelente,"Excelente trato
Comida muy rica
R√°pidos y muy atentos
Realmente fue una comida muy agradable y sencilla
El precio tambi√©n muy correcto",5,,,,,,,,Cristina B,cristinabZ7325AY,,"{'totalContributions': 49, 'helpfulVotes': 22}",,,,,,SOLO,,,,"{'id': '889200299', 'url': 'https://www.tripadvisor.com/ShowUserReviews-g187499-d23789496-r889200299-Hiroshi_Girona-Girona_Province_of_Girona_Catalonia.html', 'title': 'Excelente', 'lang': 'es', 'locationId': '23789496', 'publishedDate': '2023-05-06', 'publishedPlatform': 'MOBILE', 'rating': 5, 'helpfulVotes': 0, 'text': 'Excelente trato\nComida muy rica\nR√°pidos y muy atentos\nRealmente fue una comida muy agradable y sencilla\nEl precio tambi√©n muy correcto', 'roomTip': None, 'travelDate': '202..."
3,23789496,Hiroshi Girona,https://www.tripadvisor.com/Restaurant_Review-g187499-d23789496-Reviews-Hiroshi_Girona-Girona_Province_of_Girona_Catalonia.html,885450231,De lo mejor en Girona en comida japonesa,"Muy buena calidad, el at√∫n muy bueno, hemos comido muy bien, la relaci√≥n calidad/precio est√° muy bien, para mi de lo mejor en Girona en comidas japonesa 
Muy recomendable",5,,,,,,,,juan,Maps01681685789,,"{'totalContributions': 8, 'helpfulVotes': 0}",,,,,,FAMILY,,,,"{'id': '885450231', 'url': 'https://www.tripadvisor.com/ShowUserReviews-g187499-d23789496-r885450231-Hiroshi_Girona-Girona_Province_of_Girona_Catalonia.html', 'title': 'De lo mejor en Girona en comida japonesa', 'lang': 'es', 'locationId': '23789496', 'publishedDate': '2023-04-09', 'publishedPlatform': 'MOBILE', 'rating': 5, 'helpfulVotes': 0, 'text': 'Muy buena calidad, el at√∫n muy bueno, hemos comido muy bien, la relaci√≥n calidad/precio est√° muy bien, para mi de lo mejor en Girona en comidas j..."
3,23789496,Hiroshi Girona,https://www.tripadvisor.com/Restaurant_Review-g187499-d23789496-Reviews-Hiroshi_Girona-Girona_Province_of_Girona_Catalonia.html,881593154,Japon√®s a descubrir,"Buena comida, servicio excelente y el local es peque√±o y acojedor. Comida japonesa de calidad y muy bien elaborada. La atenci√≥n ha sido excelente",5,,,,,,,,Martapueyo,Martapueyo,,"{'totalContributions': 77, 'helpfulVotes': 5}",,,,,,FAMILY,,,,"{'id': '881593154', 'url': 'https://www.tripadvisor.com/ShowUserReviews-g187499-d23789496-r881593154-Hiroshi_Girona-Girona_Province_of_Girona_Catalonia.html', 'title': 'Japon√®s a descubrir', 'lang': 'es', 'locationId': '23789496', 'publishedDate': '2023-03-09', 'publishedPlatform': 'MOBILE', 'rating': 5, 'helpfulVotes': 0, 'text': 'Buena comida, servicio excelente y el local es peque√±o y acojedor. Comida japonesa de calidad y muy bien elaborada. La atenci√≥n ha sido excelente', 'roomTip': None, '..."
3,23789496,Hiroshi Girona,https://www.tripadvisor.com/Restaurant_Review-g187499-d23789496-Reviews-Hiroshi_Girona-Girona_Province_of_Girona_Catalonia.html,879031090,Experiencia excelente,Fuimos con una amiga a comer. Me gustan los sitios de sushi y tanto el trato como la comida es excelente. Buena calidad-precio. Volver√©,5,,,,,,,,Marta,marteta7,,"{'totalContributions': 162, 'helpfulVotes': 40}",,,,,,FRIENDS,,,,"{'id': '879031090', 'url': 'https://www.tripadvisor.com/ShowUserReviews-g187499-d23789496-r879031090-Hiroshi_Girona-Girona_Province_of_Girona_Catalonia.html', 'title': 'Experiencia excelente', 'lang': 'es', 'locationId': '23789496', 'publishedDate': '2023-02-17', 'publishedPlatform': 'MOBILE', 'rating': 5, 'helpfulVotes': 1, 'text': 'Fuimos con una amiga a comer. Me gustan los sitios de sushi y tanto el trato como la comida es excelente. Buena calidad-precio. Volver√©', 'roomTip': None, 'travelDa..."
3,23789496,Hiroshi Girona,https://www.tripadvisor.com/Restaurant_Review-g187499-d23789496-Reviews-Hiroshi_Girona-Girona_Province_of_Girona_Catalonia.html,874949455,Nos encanta,"Excelente comida, presentaci√≥n y ambiente. Buena variedad y productos, sabroso, bien preparado. De lo mejorcito de la ciudad en sushi",5,,,,,,,,Gerard P,gerardp710,,"{'totalContributions': 36, 'helpfulVotes': 26}",,,,,,FRIENDS,,,,"{'id': '874949455', 'url': 'https://www.tripadvisor.com/ShowUserReviews-g187499-d23789496-r874949455-Hiroshi_Girona-Girona_Province_of_Girona_Catalonia.html', 'title': 'Nos encanta', 'lang': 'es', 'locationId': '23789496', 'publishedDate': '2023-01-13', 'publishedPlatform': 'MOBILE', 'rating': 5, 'helpfulVotes': 0, 'text': 'Excelente comida, presentaci√≥n y ambiente. Buena variedad y productos, sabroso, bien preparado. De lo mejorcito de la ciudad en sushi', 'roomTip': None, 'travelDate': '2023-0..."
3,23789496,Hiroshi Girona,https://www.tripadvisor.com/Restaurant_Review-g187499-d23789496-Reviews-Hiroshi_Girona-Girona_Province_of_Girona_Catalonia.html,836652694,Excelente japon√©s,Japon√®s muy recomendable. Muy Buen producto con excelente presentaci√≥n y sabores muy logrados. Trato y servicio muy correcto. Hac√≠a tiempo que lo quer√≠a probar y mis expectativas han quedado superadas,5,,,,,,,,Pillarpereza,Pillarpereza,,"{'totalContributions': 217, 'helpfulVotes': 79}",,,,,,FAMILY,,,,"{'id': '836652694', 'url': 'https://www.tripadvisor.com/ShowUserReviews-g187499-d23789496-r836652694-Hiroshi_Girona-Girona_Province_of_Girona_Catalonia.html', 'title': 'Excelente japon√©s', 'lang': 'es', 'locationId': '23789496', 'publishedDate': '2022-04-30', 'publishedPlatform': 'MOBILE', 'rating': 5, 'helpfulVotes': 0, 'text': 'Japon√®s muy recomendable. Muy Buen producto con excelente presentaci√≥n y sabores muy logrados. Trato y servicio muy correcto. Hac√≠a tiempo que lo quer√≠a probar y mis ex..."
3,23789496,Hiroshi Girona,https://www.tripadvisor.com/Restaurant_Review-g187499-d23789496-Reviews-Hiroshi_Girona-Girona_Province_of_Girona_Catalonia.html,832085578,SImplemente perfecto,"Muy buen trato en unas instalaciones muy acogedoras , los productos de primera la presentacion espectacular y todo buenisimo.Un ambiente y un trato super agradable.
Para nosotros todo perfecto.Volveremos.",5,,,,,,,,Matcos,matiascO7859BL,,"{'totalContributions': 1, 'helpfulVotes': 0}",,,,,,NONE,,,,"{'id': '832085578', 'url': 'https://www.tripadvisor.com/ShowUserReviews-g187499-d23789496-r832085578-Hiroshi_Girona-Girona_Province_of_Girona_Catalonia.html', 'title': 'SImplemente perfecto', 'lang': 'es', 'locationId': '23789496', 'publishedDate': '2022-03-23', 'publishedPlatform': 'OTHER', 'rating': 5, 'helpfulVotes': 0, 'text': 'Muy buen trato en unas instalaciones muy acogedoras , los productos de primera la presentacion espectacular y todo buenisimo.Un ambiente y un trato super agradable.\n..."
4,23687398,Originem,https://www.tripadvisor.com/Restaurant_Review-g187499-d23687398-Reviews-Originem-Girona_Province_of_Girona_Catalonia.html,1027633400,Atenci√≥n 5 estrella de la camarera Gessica,"Sitio muy agradable con destaque a camarera Gessica, genial . Desayuno saludable y de cualidad. Volver√© repetir la experiencia.",5,,,,,,,,Lilian L,N7007DPlilianl,,"{'totalContributions': 1, 'helpfulVotes': 0}",,,,,,FRIENDS,,,,"{'id': '1027633400', 'url': 'https://www.tripadvisor.com/ShowUserReviews-g187499-d23687398-r1027633400-Originem-Girona_Province_of_Girona_Catalonia.html', 'title': 'Atenci√≥n 5 estrella de la camarera Gessica', 'lang': 'es', 'locationId': '23687398', 'publishedDate': '2025-08-30', 'publishedPlatform': 'OTHER', 'rating': 5, 'helpfulVotes': 0, 'text': 'Sitio muy agradable con destaque a camarera Gessica, genial . Desayuno saludable y de cualidad. Volver√© repetir la experiencia.', 'roomTip': None, '..."
4,23687398,Originem,https://www.tripadvisor.com/Restaurant_Review-g187499-d23687398-Reviews-Originem-Girona_Province_of_Girona_Catalonia.html,1026079279,Bocadillos sabrosos y originales,"Quer√≠amos comer algo r√°pido para seguir visitando la ciudad y no pudimos escoger mejor. Unos bocadillos y ensaladas originales y con grandes matices de sabor. El bocadillo de pollo para apuntar. El sitio es agradable, el camarero andaba despistado o enamorado de alguna clienta de la terraza, pero era amable. El agua es gratuita y te puedes servir cuanto quiera de unos grifos que tienen. La decoraci√≥n original. Desde luego si vuelvo a Girona me parar√© a tomar otro bocata.",5,,,,,,,,Guillerme P,guillermep,,"{'totalContributions': 183, 'helpfulVotes': 31}",,,,,,COUPLES,,,,"{'id': '1026079279', 'url': 'https://www.tripadvisor.com/ShowUserReviews-g187499-d23687398-r1026079279-Originem-Girona_Province_of_Girona_Catalonia.html', 'title': 'Bocadillos sabrosos y originales', 'lang': 'es', 'locationId': '23687398', 'publishedDate': '2025-08-22', 'publishedPlatform': 'OTHER', 'rating': 5, 'helpfulVotes': 0, 'text': 'Quer√≠amos comer algo r√°pido para seguir visitando la ciudad y no pudimos escoger mejor. Unos bocadillos y ensaladas originales y con grandes matices de sabor...."
4,23687398,Originem,https://www.tripadvisor.com/Restaurant_Review-g187499-d23687398-Reviews-Originem-Girona_Province_of_Girona_Catalonia.html,1022365895,Delicious brunch,"Cibo di ottima  qualit√†, al di sopra delle aspettative, smoothie autentici, consiglio anche cappucino sebada, torte favolose, roll e cinnamon bun, infusi e matcha. Verificate le foto su google ed instagram.",5,,,,,,,,Anna R,annarF3737BS,,"{'totalContributions': 5, 'helpfulVotes': 0}",,,,,,FAMILY,,,,"{'id': '1022365895', 'url': 'https://www.tripadvisor.com/ShowUserReviews-g187499-d23687398-r1022365895-Originem-Girona_Province_of_Girona_Catalonia.html', 'title': 'Delicious brunch', 'lang': 'it', 'locationId': '23687398', 'publishedDate': '2025-08-03', 'publishedPlatform': 'OTHER', 'rating': 5, 'helpfulVotes': 0, 'text': 'Cibo di ottima  qualit√†, al di sopra delle aspettative, smoothie autentici, consiglio anche cappucino sebada, torte favolose, roll e cinnamon bun, infusi e matcha. Verificate..."
4,23687398,Originem,https://www.tripadvisor.com/Restaurant_Review-g187499-d23687398-Reviews-Originem-Girona_Province_of_Girona_Catalonia.html,1013135569,Manque d'amabilit√© et tarifs assez √©lev√©s,"mauvais accueil, de plus il manque de nombreux produits qui sont √† la carte
les prix sont plus √©lev√©s que dans les √©tablissements voisins et le service est tr√®s M√©diocre",2,,,,,,,,frenchparadox24,frenchparadox24,,"{'totalContributions': 426, 'helpfulVotes': 575}",,,,,,COUPLES,,,,"{'id': '1013135569', 'url': 'https://www.tripadvisor.com/ShowUserReviews-g187499-d23687398-r1013135569-Originem-Girona_Province_of_Girona_Catalonia.html', 'title': ""Manque d'amabilit√© et tarifs assez √©lev√©s"", 'lang': 'fr', 'locationId': '23687398', 'publishedDate': '2025-06-15', 'publishedPlatform': 'OTHER', 'rating': 2, 'helpfulVotes': 0, 'text': 'mauvais accueil, de plus il manque de nombreux produits qui sont √† la carte\nles prix sont plus √©lev√©s que dans les √©tablissements voisins et le serv..."
4,23687398,Originem,https://www.tripadvisor.com/Restaurant_Review-g187499-d23687398-Reviews-Originem-Girona_Province_of_Girona_Catalonia.html,1008533500,Un caff√® dove soffermarsi,A mio avviso questa caffetteria offre un ottima scelta di bevande a base di caffe e matcha oltre a dolci spagnoli interessanti. Il luogo dove si trova √© molto suggestivo e i camerieri oltre a parlare piu lingue si sono mostrati molto ospitali. Vi vonsiglio vivamente questo posto per godersi una piccola pausa accompagnati da una buon caffe e un atmosfera rilassante.,5,,,,,,,,Ole,Ol3noveundici,,"{'totalContributions': 3, 'helpfulVotes': 0}",,,,,,COUPLES,,,,"{'id': '1008533500', 'url': 'https://www.tripadvisor.com/ShowUserReviews-g187499-d23687398-r1008533500-Originem-Girona_Province_of_Girona_Catalonia.html', 'title': 'Un caff√® dove soffermarsi', 'lang': 'it', 'locationId': '23687398', 'publishedDate': '2025-05-21', 'publishedPlatform': 'MOBILE', 'rating': 5, 'helpfulVotes': 1, 'text': 'A mio avviso questa caffetteria offre un ottima scelta di bevande a base di caffe e matcha oltre a dolci spagnoli interessanti. Il luogo dove si trova √© molto sugge..."
4,23687398,Originem,https://www.tripadvisor.com/Restaurant_Review-g187499-d23687398-Reviews-Originem-Girona_Province_of_Girona_Catalonia.html,1003064572,Xuixo,"I stopped at Originem while visiting the old town of Girona, and I had ""Xuixo"" (local sweet, filled with cream and deep fried) and cappuccino. 
Xuixo and cappuccino were good, service was also good, and prices were medium.

They also sell some local products.",4,,,,,,,,ANGELO V,ANGELOV230,,"{'totalContributions': 5839, 'helpfulVotes': 463}",,,,,,SOLO,,,,"{'id': '1003064572', 'url': 'https://www.tripadvisor.com/ShowUserReviews-g187499-d23687398-r1003064572-Originem-Girona_Province_of_Girona_Catalonia.html', 'title': 'Xuixo', 'lang': 'en', 'locationId': '23687398', 'publishedDate': '2025-04-17', 'publishedPlatform': 'OTHER', 'rating': 4, 'helpfulVotes': 0, 'text': 'I stopped at Originem while visiting the old town of Girona, and I had ""Xuixo"" (local sweet, filled with cream and deep fried) and cappuccino. \nXuixo and cappuccino were good, service ..."
4,23687398,Originem,https://www.tripadvisor.com/Restaurant_Review-g187499-d23687398-Reviews-Originem-Girona_Province_of_Girona_Catalonia.html,997999160,Pour un caf√© sans plus ,"Caf√© bien plac√© dans le quartier juif de Gironde. Il propose quelques sandwiches et des salades. Le tout est moyen. Il y a peu de places assises, risque d'encombrement aux moments du repas. ",3,,,,,,,,Alain B,N8318XAalainb,,"{'totalContributions': 1199, 'helpfulVotes': 100}",,,,,,FAMILY,,,,"{'id': '997999160', 'url': 'https://www.tripadvisor.com/ShowUserReviews-g187499-d23687398-r997999160-Originem-Girona_Province_of_Girona_Catalonia.html', 'title': 'Pour un caf√© sans plus ', 'lang': 'fr', 'locationId': '23687398', 'publishedDate': '2025-03-13', 'publishedPlatform': 'MOBILE', 'rating': 3, 'helpfulVotes': 0, 'text': ""Caf√© bien plac√© dans le quartier juif de Gironde. Il propose quelques sandwiches et des salades. Le tout est moyen. Il y a peu de places assises, risque d'encombrement ..."
4,23687398,Originem,https://www.tripadvisor.com/Restaurant_Review-g187499-d23687398-Reviews-Originem-Girona_Province_of_Girona_Catalonia.html,983614901,Not the best,"Boring, tasteless food. We got the breakfast croissant. The egg was cold and hard boiled. Not sure how a cold egg goes good on a warm sandwich. Wouldn't recommend.",2,,,,,,,,Josh B,J3709KYjoshb,,"{'totalContributions': 7, 'helpfulVotes': 3}",,,,,,COUPLES,,,,"{'id': '983614901', 'url': 'https://www.tripadvisor.com/ShowUserReviews-g187499-d23687398-r983614901-Originem-Girona_Province_of_Girona_Catalonia.html', 'title': 'Not the best', 'lang': 'en', 'locationId': '23687398', 'publishedDate': '2024-12-08', 'publishedPlatform': 'OTHER', 'rating': 2, 'helpfulVotes': 0, 'text': ""Boring, tasteless food. We got the breakfast croissant. The egg was cold and hard boiled. Not sure how a cold egg goes good on a warm sandwich. Wouldn't recommend."", 'roomTip': Non..."
4,23687398,Originem,https://www.tripadvisor.com/Restaurant_Review-g187499-d23687398-Reviews-Originem-Girona_Province_of_Girona_Catalonia.html,978514384,Absoluta decepci√≥n,"Entras esperando que te hagan un buen caf√©, se venden como cafeter√≠a de especialidad, pues el caf√© es un brebaje espantoso, amargo y quemado, la leche hirviendo, no tiene ni idea de prepararlo, una estafa a precio de oro",1,,,,,,,,Alberto G,albertog355,,"{'totalContributions': 2, 'helpfulVotes': 3}",,,,,,COUPLES,,,,"{'id': '978514384', 'url': 'https://www.tripadvisor.com/ShowUserReviews-g187499-d23687398-r978514384-Originem-Girona_Province_of_Girona_Catalonia.html', 'title': 'Absoluta decepci√≥n', 'lang': 'es', 'locationId': '23687398', 'publishedDate': '2024-11-03', 'publishedPlatform': 'OTHER', 'rating': 1, 'helpfulVotes': 0, 'text': 'Entras esperando que te hagan un buen caf√©, se venden como cafeter√≠a de especialidad, pues el caf√© es un brebaje espantoso, amargo y quemado, la leche hirviendo, no tiene ni ..."
4,23687398,Originem,https://www.tripadvisor.com/Restaurant_Review-g187499-d23687398-Reviews-Originem-Girona_Province_of_Girona_Catalonia.html,967389937,Todo rico,Prob√© el helado de frambuesa y Nutella y se transform√≥ autom√°ticamente en mi nuevo favorito. El personal que atiende es muy simp√°tico :),5,,,,,,,,Cecilia G,M837KEceciliag,,"{'totalContributions': 3, 'helpfulVotes': 0}",,,,,,FRIENDS,,,,"{'id': '967389937', 'url': 'https://www.tripadvisor.com/ShowUserReviews-g187499-d23687398-r967389937-Originem-Girona_Province_of_Girona_Catalonia.html', 'title': 'Todo rico', 'lang': 'es', 'locationId': '23687398', 'publishedDate': '2024-08-29', 'publishedPlatform': 'OTHER', 'rating': 5, 'helpfulVotes': 0, 'text': 'Prob√© el helado de frambuesa y Nutella y se transform√≥ autom√°ticamente en mi nuevo favorito. El personal que atiende es muy simp√°tico :)', 'roomTip': None, 'travelDate': '2024-08', 't..."
4,23687398,Originem,https://www.tripadvisor.com/Restaurant_Review-g187499-d23687398-Reviews-Originem-Girona_Province_of_Girona_Catalonia.html,957698720,No Go,"There is no clear sign to say order inside at counter most places give table service while sitting there numerous people got up and left, must be losing a lot of business. The food was not great bread with cheese dried tomato  hard almost inedible, asked for fresh orange was given a bottle of orange not fresh. Tables not cleared which led to pigeons on tables yuck !! Not Good !!!!",2,,,,,,,,Murz27,Murz27,,"{'totalContributions': 41, 'helpfulVotes': 27}",,,,,,FAMILY,,,,"{'id': '957698720', 'url': 'https://www.tripadvisor.com/ShowUserReviews-g187499-d23687398-r957698720-Originem-Girona_Province_of_Girona_Catalonia.html', 'title': 'No Go', 'lang': 'en', 'locationId': '23687398', 'publishedDate': '2024-07-02', 'publishedPlatform': 'OTHER', 'rating': 2, 'helpfulVotes': 0, 'text': 'There is no clear sign to say order inside at counter most places give table service while sitting there numerous people got up and left, must be losing a lot of business. The food was no..."
4,23687398,Originem,https://www.tripadvisor.com/Restaurant_Review-g187499-d23687398-Reviews-Originem-Girona_Province_of_Girona_Catalonia.html,954842220,Brunch stop,"Nice place for breakfast. Had to go to the till to order. But pleasant staff. 
Authentic Chai latte. 
Food basic but tasty. 
Sat inside at the back which was lovely.",4,,,,,,,,Stillo1,Stillo1,,"{'totalContributions': 72, 'helpfulVotes': 36}",,,,,,COUPLES,,,,"{'id': '954842220', 'url': 'https://www.tripadvisor.com/ShowUserReviews-g187499-d23687398-r954842220-Originem-Girona_Province_of_Girona_Catalonia.html', 'title': 'Brunch stop', 'lang': 'en', 'locationId': '23687398', 'publishedDate': '2024-06-12', 'publishedPlatform': 'MOBILE', 'rating': 4, 'helpfulVotes': 0, 'text': 'Nice place for breakfast. Had to go to the till to order. But pleasant staff. \nAuthentic Chai latte. \nFood basic but tasty. \nSat inside at the back which was lovely.', 'roomTip'..."
4,23687398,Originem,https://www.tripadvisor.com/Restaurant_Review-g187499-d23687398-Reviews-Originem-Girona_Province_of_Girona_Catalonia.html,951372714,"Tudo muito bom,  super simp√°ticas no atendimento !","Muito bom com atendimento excelente! Boas op√ß√µes para lanches almo√ßo em uma √≥tima localiza√ß√£o, Tudo muito saboroso com pre√ßos honestos!",5,,,,,,,,Marcelo A,MarceloA280,,"{'totalContributions': 352, 'helpfulVotes': 217}",,,,,,FAMILY,,,,"{'id': '951372714', 'url': 'https://www.tripadvisor.com/ShowUserReviews-g187499-d23687398-r951372714-Originem-Girona_Province_of_Girona_Catalonia.html', 'title': 'Tudo muito bom,  super simp√°ticas no atendimento !', 'lang': 'pt', 'locationId': '23687398', 'publishedDate': '2024-05-18', 'publishedPlatform': 'MOBILE', 'rating': 5, 'helpfulVotes': 0, 'text': 'Muito bom com atendimento excelente! Boas op√ß√µes para lanches almo√ßo em uma √≥tima localiza√ß√£o, Tudo muito saboroso com pre√ßos honestos!', 'ro..."
4,23687398,Originem,https://www.tripadvisor.com/Restaurant_Review-g187499-d23687398-Reviews-Originem-Girona_Province_of_Girona_Catalonia.html,950455440,Super !,"C'est parfait ! Le caf√© est d√©licieux, il y a beaucoup de choix pour les vegans. J'ai ador√© le caf√© au lait v√©g√©tale et la salade ""arabe"" (un peu ch√®re... 15 euros) √©tait tr√®s bonne et originale. 
Je valide !",5,,,,,,,,513estefaniac,513estefaniac,,"{'totalContributions': 201, 'helpfulVotes': 89}",,,,,,SOLO,,,,"{'id': '950455440', 'url': 'https://www.tripadvisor.com/ShowUserReviews-g187499-d23687398-r950455440-Originem-Girona_Province_of_Girona_Catalonia.html', 'title': 'Super !', 'lang': 'fr', 'locationId': '23687398', 'publishedDate': '2024-05-11', 'publishedPlatform': 'MOBILE', 'rating': 5, 'helpfulVotes': 0, 'text': 'C\'est parfait ! Le caf√© est d√©licieux, il y a beaucoup de choix pour les vegans. J\'ai ador√© le caf√© au lait v√©g√©tale et la salade ""arabe"" (un peu ch√®re... 15 euros) √©tait tr√®s bonne ..."
4,23687398,Originem,https://www.tripadvisor.com/Restaurant_Review-g187499-d23687398-Reviews-Originem-Girona_Province_of_Girona_Catalonia.html,945592763,Xai latte malo,"Senzillamente, no volver√©. 
El xuxo de recuit estaba malo, posiblemente hasta pasado, estaba agrio. Y el xai latte una decepci√≥n, no saben prepararlo, lo dejamos all√° enterito (foto). Solo tienen zumo de limon y naranja, as√≠ q si a tu hijo no le hustan los c√≠tricos se pide una agua. 
Precio caro para lo que sirven.",2,,,,,,,,Susana R,susanar243,,"{'totalContributions': 1, 'helpfulVotes': 0}",,,,,,COUPLES,,,,"{'id': '945592763', 'url': 'https://www.tripadvisor.com/ShowUserReviews-g187499-d23687398-r945592763-Originem-Girona_Province_of_Girona_Catalonia.html', 'title': 'Xai latte malo', 'lang': 'es', 'locationId': '23687398', 'publishedDate': '2024-04-06', 'publishedPlatform': 'OTHER', 'rating': 2, 'helpfulVotes': 1, 'text': 'Senzillamente, no volver√©. \nEl xuxo de recuit estaba malo, posiblemente hasta pasado, estaba agrio. Y el xai latte una decepci√≥n, no saben prepararlo, lo dejamos all√° enterito (..."
4,23687398,Originem,https://www.tripadvisor.com/Restaurant_Review-g187499-d23687398-Reviews-Originem-Girona_Province_of_Girona_Catalonia.html,934808474,Muito bom r√°pido !,"Very Nice plac√™, we eat a sanduich very good ! The girls served very weel and Kindelly. Meninas muito gentis e eficientes.",5,,,,,,,,Marcelo A,MarceloA280,,"{'totalContributions': 352, 'helpfulVotes': 217}",,,,,,FAMILY,,,,"{'id': '934808474', 'url': 'https://www.tripadvisor.com/ShowUserReviews-g187499-d23687398-r934808474-Originem-Girona_Province_of_Girona_Catalonia.html', 'title': 'Muito bom r√°pido !', 'lang': 'en', 'locationId': '23687398', 'publishedDate': '2024-01-20', 'publishedPlatform': 'MOBILE', 'rating': 5, 'helpfulVotes': 0, 'text': 'Very Nice plac√™, we eat a sanduich very good ! The girls served very weel and Kindelly. Meninas muito gentis e eficientes.', 'roomTip': None, 'travelDate': '2024-01', 'tripT..."
4,23687398,Originem,https://www.tripadvisor.com/Restaurant_Review-g187499-d23687398-Reviews-Originem-Girona_Province_of_Girona_Catalonia.html,930084448,Great place!,"Great place and the owners are so kind! Food is good. Perfect for breakfast, lunch or brunch! We totally recommend this place.",5,,,,,,,,Alain B,alainbU7975GV,,"{'totalContributions': 1, 'helpfulVotes': 0}",,,,,,COUPLES,,,,"{'id': '930084448', 'url': 'https://www.tripadvisor.com/ShowUserReviews-g187499-d23687398-r930084448-Originem-Girona_Province_of_Girona_Catalonia.html', 'title': 'Great place!', 'lang': 'en', 'locationId': '23687398', 'publishedDate': '2023-12-17', 'publishedPlatform': 'OTHER', 'rating': 5, 'helpfulVotes': 0, 'text': 'Great place and the owners are so kind! Food is good. Perfect for breakfast, lunch or brunch! We totally recommend this place.', 'roomTip': None, 'travelDate': '2023-12', 'tripType..."
4,23687398,Originem,https://www.tripadvisor.com/Restaurant_Review-g187499-d23687398-Reviews-Originem-Girona_Province_of_Girona_Catalonia.html,921359973,De 10,"Local muy acogedor. Atenci√≥n de 10 con Helana. Comida muy rica. Si volvemos a Girona, sin duda volveremos aqu√≠.",5,,,,,,,,Irina603,Irina603,,"{'totalContributions': 4, 'helpfulVotes': 0}",,,,,,FAMILY,,,,"{'id': '921359973', 'url': 'https://www.tripadvisor.com/ShowUserReviews-g187499-d23687398-r921359973-Originem-Girona_Province_of_Girona_Catalonia.html', 'title': 'De 10', 'lang': 'es', 'locationId': '23687398', 'publishedDate': '2023-10-15', 'publishedPlatform': 'OTHER', 'rating': 5, 'helpfulVotes': 0, 'text': 'Local muy acogedor. Atenci√≥n de 10 con Helana. Comida muy rica. Si volvemos a Girona, sin duda volveremos aqu√≠.', 'roomTip': None, 'travelDate': '2023-10', 'tripType': 'FAMILY', 'user': {..."
4,23687398,Originem,https://www.tripadvisor.com/Restaurant_Review-g187499-d23687398-Reviews-Originem-Girona_Province_of_Girona_Catalonia.html,920439486,Vergonzoso,Lamentable. Me persiguio una chica por la calle diciendo que no habia pagado! Les tendria que caer la cara de verguenza. üò°üò°,1,,,,,,,,Idoia A,892idoiaa,,"{'totalContributions': 2, 'helpfulVotes': 0}",,,,,,SOLO,,,,"{'id': '920439486', 'url': 'https://www.tripadvisor.com/ShowUserReviews-g187499-d23687398-r920439486-Originem-Girona_Province_of_Girona_Catalonia.html', 'title': 'Vergonzoso', 'lang': 'es', 'locationId': '23687398', 'publishedDate': '2023-10-08', 'publishedPlatform': 'OTHER', 'rating': 1, 'helpfulVotes': 0, 'text': 'Lamentable. Me persiguio una chica por la calle diciendo que no habia pagado! Les tendria que caer la cara de verguenza. üò°üò°', 'roomTip': None, 'travelDate': '2023-10', 'tripType': 'S..."
4,23687398,Originem,https://www.tripadvisor.com/Restaurant_Review-g187499-d23687398-Reviews-Originem-Girona_Province_of_Girona_Catalonia.html,904556817,A Girona Gem,"Truly one of the best places in Girona to grab a coffee, Lemonade, or snack. The staff is incredibly kind and accommodating. Highly recommend stopping in!",5,,,,,,,,Helen W,234helenw,,"{'totalContributions': 2, 'helpfulVotes': 5}",,,,,,FRIENDS,,,,"{'id': '904556817', 'url': 'https://www.tripadvisor.com/ShowUserReviews-g187499-d23687398-r904556817-Originem-Girona_Province_of_Girona_Catalonia.html', 'title': 'A Girona Gem', 'lang': 'en', 'locationId': '23687398', 'publishedDate': '2023-07-21', 'publishedPlatform': 'OTHER', 'rating': 5, 'helpfulVotes': 0, 'text': 'Truly one of the best places in Girona to grab a coffee, Lemonade, or snack. The staff is incredibly kind and accommodating. Highly recommend stopping in!', 'roomTip': None, 'trave..."
4,23687398,Originem,https://www.tripadvisor.com/Restaurant_Review-g187499-d23687398-Reviews-Originem-Girona_Province_of_Girona_Catalonia.html,883504343,Lovely cafe,"This was a lovely cafe in a bustling square in pretty Girona.

We ordered a coffee, organic juice and water and enjoyed them in the outdoor seating taking in the busy life around.

Prices are fair and it was served quickly.",5,,,,,,,,NICHOLAS T,255nicholast,,"{'totalContributions': 12558, 'helpfulVotes': 955}",,,,,,COUPLES,,,,"{'id': '883504343', 'url': 'https://www.tripadvisor.com/ShowUserReviews-g187499-d23687398-r883504343-Originem-Girona_Province_of_Girona_Catalonia.html', 'title': 'Lovely cafe', 'lang': 'en', 'locationId': '23687398', 'publishedDate': '2023-03-25', 'publishedPlatform': 'MOBILE', 'rating': 5, 'helpfulVotes': 0, 'text': 'This was a lovely cafe in a bustling square in pretty Girona.\n\nWe ordered a coffee, organic juice and water and enjoyed them in the outdoor seating taking in the busy life around..."
4,23687398,Originem,https://www.tripadvisor.com/Restaurant_Review-g187499-d23687398-Reviews-Originem-Girona_Province_of_Girona_Catalonia.html,881350204,Super nettes Caf√©,"Bester Hafermilch Cappuccino! Leckere Pain au Chocolat. Tolles freundliches Team. 
Super angenehme Atmosph√§re. Top!",5,,,,,,,,Frank,Travel41825704706,,"{'totalContributions': 7, 'helpfulVotes': 0}",,,,,,COUPLES,,,,"{'id': '881350204', 'url': 'https://www.tripadvisor.com/ShowUserReviews-g187499-d23687398-r881350204-Originem-Girona_Province_of_Girona_Catalonia.html', 'title': 'Super nettes Caf√©', 'lang': 'de', 'locationId': '23687398', 'publishedDate': '2023-03-07', 'publishedPlatform': 'MOBILE', 'rating': 5, 'helpfulVotes': 0, 'text': 'Bester Hafermilch Cappuccino! Leckere Pain au Chocolat. Tolles freundliches Team. \nSuper angenehme Atmosph√§re. Top!', 'roomTip': None, 'travelDate': '2023-03', 'tripType': '..."
4,23687398,Originem,https://www.tripadvisor.com/Restaurant_Review-g187499-d23687398-Reviews-Originem-Girona_Province_of_Girona_Catalonia.html,878546125,Super Fr√ºhst√ºck ,"Das Fr√ºhst√ºck und der Kaffee waren sehr lecker. Sch√∂ne Auswahl f√ºr vegetarisch/vegane Ern√§hrung. Sehr nettes Personal, unbedingt einen Besuch wert.",5,,,,,,,,l_s_rein,l_s_rein,,"{'totalContributions': 77, 'helpfulVotes': 99}",,,,,,COUPLES,,,,"{'id': '878546125', 'url': 'https://www.tripadvisor.com/ShowUserReviews-g187499-d23687398-r878546125-Originem-Girona_Province_of_Girona_Catalonia.html', 'title': 'Super Fr√ºhst√ºck ', 'lang': 'de', 'locationId': '23687398', 'publishedDate': '2023-02-13', 'publishedPlatform': 'MOBILE', 'rating': 5, 'helpfulVotes': 2, 'text': 'Das Fr√ºhst√ºck und der Kaffee waren sehr lecker. Sch√∂ne Auswahl f√ºr vegetarisch/vegane Ern√§hrung. Sehr nettes Personal, unbedingt einen Besuch wert.', 'roomTip': None, 'travelD..."
4,23687398,Originem,https://www.tripadvisor.com/Restaurant_Review-g187499-d23687398-Reviews-Originem-Girona_Province_of_Girona_Catalonia.html,866981728,Nice cafe,Good coffee and perfect apple cake. As the saying goes don‚Äôt panic it‚Äôs organic.We really enjoyed the place. We will surely be back soon,5,,,,,,,,Narangi13,Narangi13,,"{'totalContributions': 1, 'helpfulVotes': 0}",,,,,,FAMILY,,,,"{'id': '866981728', 'url': 'https://www.tripadvisor.com/ShowUserReviews-g187499-d23687398-r866981728-Originem-Girona_Province_of_Girona_Catalonia.html', 'title': 'Nice cafe', 'lang': 'en', 'locationId': '23687398', 'publishedDate': '2022-11-02', 'publishedPlatform': 'MOBILE', 'rating': 5, 'helpfulVotes': 0, 'text': 'Good coffee and perfect apple cake. As the saying goes don‚Äôt panic it‚Äôs organic.We really enjoyed the place. We will surely be back soon', 'roomTip': None, 'travelDate': '2022-11', '..."
4,23687398,Originem,https://www.tripadvisor.com/Restaurant_Review-g187499-d23687398-Reviews-Originem-Girona_Province_of_Girona_Catalonia.html,861388282,"Nice place, nice people",Special place. Really liked the local xuixo they made: a real must try. The staff is very friendly. Also they make their own lemonades and juice: a must try.,5,,,,,,,,Sona H,sonah2021,,"{'totalContributions': 5, 'helpfulVotes': 0}",,,,,,FRIENDS,,,,"{'id': '861388282', 'url': 'https://www.tripadvisor.com/ShowUserReviews-g187499-d23687398-r861388282-Originem-Girona_Province_of_Girona_Catalonia.html', 'title': 'Nice place, nice people', 'lang': 'en', 'locationId': '23687398', 'publishedDate': '2022-09-22', 'publishedPlatform': 'MOBILE', 'rating': 5, 'helpfulVotes': 0, 'text': 'Special place. Really liked the local xuixo they made: a real must try. The staff is very friendly. Also they make their own lemonades and juice: a must try.', 'roomTip..."
4,23687398,Originem,https://www.tripadvisor.com/Restaurant_Review-g187499-d23687398-Reviews-Originem-Girona_Province_of_Girona_Catalonia.html,854513504,Heerlijk lunchen ,"Heerlijke lunch, mooie lokale en verse producten,zeer vriendelijk personeel!
Zeker een aanrader en als we in de buurt zijn komen we zeker terug.",5,,,,,,,,xxx,Go37796025290,,"{'totalContributions': 2, 'helpfulVotes': 0}",,,,,,FAMILY,,,,"{'id': '854513504', 'url': 'https://www.tripadvisor.com/ShowUserReviews-g187499-d23687398-r854513504-Originem-Girona_Province_of_Girona_Catalonia.html', 'title': 'Heerlijk lunchen ', 'lang': 'nl', 'locationId': '23687398', 'publishedDate': '2022-08-16', 'publishedPlatform': 'MOBILE', 'rating': 5, 'helpfulVotes': 0, 'text': 'Heerlijke lunch, mooie lokale en verse producten,zeer vriendelijk personeel!\nZeker een aanrader en als we in de buurt zijn komen we zeker terug.', 'roomTip': None, 'travelDa..."
4,23687398,Originem,https://www.tripadvisor.com/Restaurant_Review-g187499-d23687398-Reviews-Originem-Girona_Province_of_Girona_Catalonia.html,841448116,Para picar,"Pedimos para picar y todo estaba muy rico, el pan buen√≠simo  y la atenci√≥n muy buena, el chico muy atento.",5,,,,,,,,Sue,susanamI7228GU,,"{'totalContributions': 7, 'helpfulVotes': 1}",,,,,,FAMILY,,,,"{'id': '841448116', 'url': 'https://www.tripadvisor.com/ShowUserReviews-g187499-d23687398-r841448116-Originem-Girona_Province_of_Girona_Catalonia.html', 'title': 'Para picar', 'lang': 'es', 'locationId': '23687398', 'publishedDate': '2022-06-04', 'publishedPlatform': 'OTHER', 'rating': 5, 'helpfulVotes': 0, 'text': 'Pedimos para picar y todo estaba muy rico, el pan buen√≠simo  y la atenci√≥n muy buena, el chico muy atento.', 'roomTip': None, 'travelDate': '2022-06', 'tripType': 'FAMILY', 'user': {..."
4,23687398,Originem,https://www.tripadvisor.com/Restaurant_Review-g187499-d23687398-Reviews-Originem-Girona_Province_of_Girona_Catalonia.html,841108595,"Buena carta de ensaladas, pero no las preparan... tampoco las venden","Qu√© desastre!... no le pongo cero porque la m√≠nima es 1. Dos ni√±as atendiendo que no atinan a nada. No hay zumos naturales, tampoco ensaladas y en fin, si quieres algo no te reciben el pedido en la mesa... tienes que entrar y pedirlo (y cruzar los dedos).
Despues de 15 minutos me trajeron mi copa de vino, que no s√© qu√© era.
No creo que duren mucho.",1,,,,,,,,Luis G,LuisG780,,"{'totalContributions': 86, 'helpfulVotes': 6}",,,,,,COUPLES,,,,"{'id': '841108595', 'url': 'https://www.tripadvisor.com/ShowUserReviews-g187499-d23687398-r841108595-Originem-Girona_Province_of_Girona_Catalonia.html', 'title': 'Buena carta de ensaladas, pero no las preparan... tampoco las venden', 'lang': 'es', 'locationId': '23687398', 'publishedDate': '2022-06-02', 'publishedPlatform': 'MOBILE', 'rating': 1, 'helpfulVotes': 0, 'text': 'Qu√© desastre!... no le pongo cero porque la m√≠nima es 1. Dos ni√±as atendiendo que no atinan a nada. No hay zumos naturales,..."
4,23687398,Originem,https://www.tripadvisor.com/Restaurant_Review-g187499-d23687398-Reviews-Originem-Girona_Province_of_Girona_Catalonia.html,839685508,Gorgeous food,We stumbled across this little restaurant in the Jewish Quarter and it was amazing! The manager was so friendly and full of passion about the food. 2 of us had the pulled pork sandwich and 2 had the ‚Äúspecial salad‚Äù. Beautifully made and so tasty all washed down with sangria! What more could you ask for in the Spanish sunshine! Can highly recommend the whole experience,5,,,,,,,,Denise,Harrogate66,,"{'totalContributions': 47, 'helpfulVotes': 10}",,,,,,FRIENDS,,,,"{'id': '839685508', 'url': 'https://www.tripadvisor.com/ShowUserReviews-g187499-d23687398-r839685508-Originem-Girona_Province_of_Girona_Catalonia.html', 'title': 'Gorgeous food', 'lang': 'en', 'locationId': '23687398', 'publishedDate': '2022-05-23', 'publishedPlatform': 'OTHER', 'rating': 5, 'helpfulVotes': 0, 'text': 'We stumbled across this little restaurant in the Jewish Quarter and it was amazing! The manager was so friendly and full of passion about the food. 2 of us had the pulled pork san..."
4,23687398,Originem,https://www.tripadvisor.com/Restaurant_Review-g187499-d23687398-Reviews-Originem-Girona_Province_of_Girona_Catalonia.html,833944265,Terrific place,"Great service, ambience, coffee, salads and more. 
For Breakfast/light lunch/coffee and cakes.
Located in the heart of the Jewish Quarter. 
Terrific for seating outdoor/indoor.",5,,,,,,,,natalie,iviaskcheng,,"{'totalContributions': 9, 'helpfulVotes': 3}",,,,,,NONE,,,,"{'id': '833944265', 'url': 'https://www.tripadvisor.com/ShowUserReviews-g187499-d23687398-r833944265-Originem-Girona_Province_of_Girona_Catalonia.html', 'title': 'Terrific place', 'lang': 'en', 'locationId': '23687398', 'publishedDate': '2022-04-09', 'publishedPlatform': 'OTHER', 'rating': 5, 'helpfulVotes': 0, 'text': 'Great service, ambience, coffee, salads and more. \nFor Breakfast/light lunch/coffee and cakes.\nLocated in the heart of the Jewish Quarter. \nTerrific for seating outdoor/indoor..."
4,23687398,Originem,https://www.tripadvisor.com/Restaurant_Review-g187499-d23687398-Reviews-Originem-Girona_Province_of_Girona_Catalonia.html,830595393,Excellent sandwiches and coffee,We stopped here on arrival in Girona before walking the old city. The staff was really nice and helpful. I had a vegetarian sandwich and my friend had shredded pork. Both were quite tasty and were served on very thin homemade bread that was filling but not overdone. We also had good coffee. It was a pleasure.,5,,,,,,,,Celeste F,celestef391,,"{'totalContributions': 108, 'helpfulVotes': 15}",,,,,,FRIENDS,,,,"{'id': '830595393', 'url': 'https://www.tripadvisor.com/ShowUserReviews-g187499-d23687398-r830595393-Originem-Girona_Province_of_Girona_Catalonia.html', 'title': 'Excellent sandwiches and coffee', 'lang': 'en', 'locationId': '23687398', 'publishedDate': '2022-03-09', 'publishedPlatform': 'MOBILE', 'rating': 5, 'helpfulVotes': 0, 'text': 'We stopped here on arrival in Girona before walking the old city. The staff was really nice and helpful. I had a vegetarian sandwich and my friend had shredded ..."
